ID,Nom,Email,Créé le,Mis à jour le
1,Bobo,bobo@gmail.com,2025-02-19 16:32:25.0,2025-02-19 16:47:34.0
2,gogogo,gogogo@hrhr.com,2025-03-10 22:16:42.0,2025-02-19 16:47:34.0
3,gogo,gogo@gmail.com,2025-03-04 16:00:09.0,2025-03-04 16:00:09.0
7,zeraz,zear@gmail.com,2025-03-18 00:44:44.0,2025-03-10 16:38:17.0
8,soboko,soboko@yahoo.cr,2025-03-10 22:23:48.0,2025-03-10 16:40:25.0
10,nono,gogo@nono.com,2025-03-11 21:02:26.0,2025-03-11 21:02:26.0
11,gogo,fofo@gmail.com,2025-03-11 23:47:27.0,2025-03-11 23:47:27.0
13,mercredi,gmail,2025-03-12 09:05:36.0,2025-03-12 09:05:36.0
15,kabuto,bobobo@gmail.com,2025-03-13 10:35:30.0,2025-03-12 14:05:51.0
16,LaÏssad,Anissa@gmail.com,2025-03-12 14:15:40.0,2025-03-12 14:15:40.0
17,new user,new_user@gmail.com,2025-03-13 12:16:45.0,2025-03-13 12:16:45.0
18,Yoyo,zozo@gmail.com,2025-03-17 16:37:17.0,2025-03-17 16:36:29.0
20,Bobo,roro@gmail.com,2025-03-18 00:46:47.0,2025-03-18 00:46:47.0
